"","Survived","Pclass","Sex","Age","SibSp","Parch","Fare","Embarked","Sector","child"
"1",0,"3","male","3","1","0",7.25,"S","0","Adult"
"2",1,"1","female","4","1","0",71.2833,"C","3","Adult"
"3",1,"3","female","3","0","0",7.925,"S","0","Adult"
"4",1,"1","female","4","1","0",53.1,"S","3","Adult"
"5",0,"3","male","4","0","0",8.05,"S","0","Adult"
"6",0,"3","male","4","0","0",8.4583,"Q","0","Adult"
"7",0,"1","male","4","0","0",51.8625,"S","5","Adult"
"8",0,"3","male","1","3","1",21.075,"S","0","Child"
"9",1,"3","female","3","0","2",11.1333,"S","0","Adult"
"10",1,"2","female","3","1","0",30.0708,"C","0","Adult"
"11",1,"3","female","2","1","1",16.7,"S","7","Child"
"12",1,"1","female","4","0","0",26.55,"S","3","Adult"
"13",0,"3","male","3","0","0",8.05,"S","0","Adult"
"14",0,"3","male","4","1","5",31.275,"S","0","Adult"
"15",0,"3","female","3","0","0",7.8542,"S","0","Adult"
"16",1,"2","female","4","0","0",16,"S","0","Adult"
"17",0,"3","male","1","4","1",29.125,"Q","0","Child"
"18",1,"2","male","4","0","0",13,"S","0","Adult"
"19",0,"3","female","4","1","0",18,"S","0","Adult"
"20",1,"3","female","3","0","0",7.225,"C","0","Adult"
"21",0,"2","male","4","0","0",26,"S","0","Adult"
"22",1,"2","male","4","0","0",13,"S","4","Adult"
"23",1,"3","female","3","0","0",8.0292,"Q","0","Adult"
"24",1,"1","male","3","0","0",35.5,"S","1","Adult"
"25",0,"3","female","2","3","1",21.075,"S","0","Child"
"26",1,"3","female","4","1","5",31.3875,"S","0","Adult"
"27",0,"3","male","4","0","0",7.225,"C","0","Adult"
"28",0,"1","male","3","3","2",263,"S","3","Adult"
"29",1,"3","female","3","0","0",7.8792,"Q","0","Adult"
"30",0,"3","male","3","0","0",7.8958,"S","0","Adult"
"31",0,"1","male","4","0","0",27.7208,"C","0","Adult"
"32",1,"1","female","3","1","0",146.5208,"C","2","Adult"
"33",1,"3","female","3","0","0",7.75,"Q","0","Adult"
"34",0,"2","male","5","0","0",10.5,"S","0","Adult"
"35",0,"1","male","3","1","0",82.1708,"C","0","Adult"
"36",0,"1","male","4","1","0",52,"S","0","Adult"
"37",1,"3","male","3","0","0",7.2292,"C","0","Adult"
"38",0,"3","male","3","0","0",8.05,"S","0","Adult"
"39",0,"3","female","3","2","0",18,"S","0","Adult"
"40",1,"3","female","3","1","0",11.2417,"C","0","Adult"
"41",0,"3","female","4","1","0",9.475,"S","0","Adult"
"42",0,"2","female","3","1","0",21,"S","0","Adult"
"43",0,"3","male","3","0","0",7.8958,"C","0","Adult"
"44",1,"2","female","1","1","2",41.5792,"C","0","Child"
"45",1,"3","female","3","0","0",7.8792,"Q","0","Adult"
"46",0,"3","male","3","0","0",8.05,"S","0","Adult"
"47",0,"3","male","4","1","0",15.5,"Q","0","Adult"
"48",1,"3","female","3","0","0",7.75,"Q","0","Adult"
"49",0,"3","male","3","2","0",21.6792,"C","0","Adult"
"50",0,"3","female","3","1","0",17.8,"S","0","Adult"
"51",0,"3","male","2","4","1",39.6875,"S","0","Child"
"52",0,"3","male","3","0","0",7.8,"S","0","Adult"
"53",1,"1","female","4","1","0",76.7292,"C","4","Adult"
"54",1,"2","female","3","1","0",26,"S","0","Adult"
"55",0,"1","male","5","0","1",61.9792,"C","2","Adult"
"56",1,"1","male","3","0","0",35.5,"S","3","Adult"
"57",1,"2","female","3","0","0",10.5,"S","0","Adult"
"58",0,"3","male","3","0","0",7.2292,"C","0","Adult"
"59",1,"2","female","2","1","2",27.75,"S","0","Child"
"60",0,"3","male","2","5","2",46.9,"S","0","Child"
"61",0,"3","male","3","0","0",7.2292,"C","0","Adult"
"62",1,"1","female","4","0","0",80,"S","2","Adult"
"63",0,"1","male","4","1","0",83.475,"S","3","Adult"
"64",0,"3","male","2","3","2",27.9,"S","0","Child"
"65",0,"1","male","4","0","0",27.7208,"C","0","Adult"
"66",1,"3","male","2","1","1",15.2458,"C","0","Child"
"67",1,"2","female","3","0","0",10.5,"S","6","Adult"
"68",0,"3","male","3","0","0",8.1583,"S","0","Adult"
"69",1,"3","female","3","4","2",7.925,"S","0","Adult"
"70",0,"3","male","3","2","0",8.6625,"S","0","Adult"
"71",0,"2","male","4","0","0",10.5,"S","0","Adult"
"72",0,"3","female","3","5","2",46.9,"S","0","Adult"
"73",0,"2","male","3","0","0",73.5,"S","0","Adult"
"74",0,"3","male","3","1","0",14.4542,"C","0","Adult"
"75",1,"3","male","4","0","0",56.4958,"S","0","Adult"
"76",0,"3","male","3","0","0",7.65,"S","6","Adult"
"77",0,"3","male","3","0","0",7.8958,"S","0","Adult"
"78",0,"3","male","3","0","0",8.05,"S","0","Adult"
"79",1,"2","male","1","0","2",29,"S","0","Child"
"80",1,"3","female","4","0","0",12.475,"S","0","Adult"
"81",0,"3","male","3","0","0",9,"S","0","Adult"
"82",1,"3","male","3","0","0",9.5,"S","0","Adult"
"83",1,"3","female","3","0","0",7.7875,"Q","0","Adult"
"84",0,"1","male","3","0","0",47.1,"S","0","Adult"
"85",1,"2","female","3","0","0",10.5,"S","0","Adult"
"86",1,"3","female","4","3","0",15.85,"S","0","Adult"
"87",0,"3","male","3","1","3",34.375,"S","0","Adult"
"88",0,"3","male","3","0","0",8.05,"S","0","Adult"
"89",1,"1","female","3","3","2",263,"S","3","Adult"
"90",0,"3","male","3","0","0",8.05,"S","0","Adult"
"91",0,"3","male","3","0","0",8.05,"S","0","Adult"
"92",0,"3","male","3","0","0",7.8542,"S","0","Adult"
"93",0,"1","male","4","1","0",61.175,"S","5","Adult"
"94",0,"3","male","3","1","2",20.575,"S","0","Adult"
"95",0,"3","male","4","0","0",7.25,"S","0","Adult"
"96",0,"3","male","3","0","0",8.05,"S","0","Adult"
"97",0,"1","male","5","0","0",34.6542,"C","1","Adult"
"98",1,"1","male","3","0","1",63.3583,"C","4","Adult"
"99",1,"2","female","4","0","1",23,"S","0","Adult"
"100",0,"2","male","4","1","0",26,"S","0","Adult"
"101",0,"3","female","3","0","0",7.8958,"S","0","Adult"
"102",0,"3","male","3","0","0",7.8958,"S","0","Adult"
"103",0,"1","male","3","0","1",77.2875,"S","4","Adult"
"104",0,"3","male","4","0","0",8.6542,"S","0","Adult"
"105",0,"3","male","4","2","0",7.925,"S","0","Adult"
"106",0,"3","male","3","0","0",7.8958,"S","0","Adult"
"107",1,"3","female","3","0","0",7.65,"S","0","Adult"
"108",1,"3","male","4","0","0",7.775,"S","0","Adult"
"109",0,"3","male","4","0","0",7.8958,"S","0","Adult"
"110",1,"3","female","3","1","0",24.15,"Q","0","Adult"
"111",0,"1","male","4","0","0",52,"S","3","Adult"
"112",0,"3","female","3","1","0",14.4542,"C","0","Adult"
"113",0,"3","male","3","0","0",8.05,"S","0","Adult"
"114",0,"3","female","3","1","0",9.825,"S","0","Adult"
"115",0,"3","female","3","0","0",14.4583,"C","0","Adult"
"116",0,"3","male","3","0","0",7.925,"S","0","Adult"
"117",0,"3","male","5","0","0",7.75,"Q","0","Adult"
"118",0,"2","male","3","1","0",21,"S","0","Adult"
"119",0,"1","male","3","0","1",247.5208,"C","2","Adult"
"120",0,"3","female","1","4","2",31.275,"S","0","Child"
"121",0,"2","male","3","2","0",73.5,"S","0","Adult"
"122",0,"3","male","3","0","0",8.05,"S","0","Adult"
"123",0,"2","male","4","1","0",30.0708,"C","0","Adult"
"124",1,"2","female","4","0","0",13,"S","5","Adult"
"125",0,"1","male","4","0","1",77.2875,"S","4","Adult"
"126",1,"3","male","2","1","0",11.2417,"C","0","Child"
"127",0,"3","male","4","0","0",7.75,"Q","0","Adult"
"128",1,"3","male","3","0","0",7.1417,"S","0","Adult"
"129",1,"3","female","4","1","1",22.3583,"C","6","Adult"
"130",0,"3","male","4","0","0",6.975,"S","0","Adult"
"131",0,"3","male","4","0","0",7.8958,"C","0","Adult"
"132",0,"3","male","3","0","0",7.05,"S","0","Adult"
"133",0,"3","female","4","1","0",14.5,"S","0","Adult"
"134",1,"2","female","3","1","0",26,"S","0","Adult"
"135",0,"2","male","3","0","0",13,"S","0","Adult"
"136",0,"2","male","3","0","0",15.0458,"C","0","Adult"
"137",1,"1","female","3","0","2",26.2833,"S","4","Adult"
"138",0,"1","male","4","1","0",53.1,"S","3","Adult"
"139",0,"3","male","3","0","0",9.2167,"S","0","Adult"
"140",0,"1","male","3","0","0",79.2,"C","2","Adult"
"141",0,"3","female","3","0","2",15.2458,"C","0","Adult"
"142",1,"3","female","3","0","0",7.75,"S","0","Adult"
"143",1,"3","female","3","1","0",15.85,"S","0","Adult"
"144",0,"3","male","3","0","0",6.75,"Q","0","Adult"
"145",0,"2","male","3","0","0",11.5,"S","0","Adult"
"146",0,"2","male","3","1","1",36.75,"S","0","Adult"
"147",1,"3","male","3","0","0",7.7958,"S","0","Adult"
"148",0,"3","female","2","2","2",34.375,"S","0","Child"
"149",0,"2","male","4","0","2",26,"S","6","Adult"
"150",0,"2","male","4","0","0",13,"S","0","Adult"
"151",0,"2","male","4","0","0",12.525,"S","0","Adult"
"152",1,"1","female","3","1","0",66.6,"S","3","Adult"
"153",0,"3","male","4","0","0",8.05,"S","0","Adult"
"154",0,"3","male","4","0","2",14.5,"S","0","Adult"
"155",0,"3","male","3","0","0",7.3125,"S","0","Adult"
"156",0,"1","male","4","0","1",61.3792,"C","0","Adult"
"157",1,"3","female","3","0","0",7.7333,"Q","0","Adult"
"158",0,"3","male","4","0","0",8.05,"S","0","Adult"
"159",0,"3","male","3","0","0",8.6625,"S","0","Adult"
"160",0,"3","male","2","8","2",69.55,"S","0","Child"
"161",0,"3","male","4","0","1",16.1,"S","0","Adult"
"162",1,"2","female","4","0","0",15.75,"S","0","Adult"
"163",0,"3","male","3","0","0",7.775,"S","0","Adult"
"164",0,"3","male","3","0","0",8.6625,"S","0","Adult"
"165",0,"3","male","1","4","1",39.6875,"S","0","Child"
"166",1,"3","male","2","0","2",20.525,"S","0","Child"
"167",1,"1","female","3","0","1",55,"S","5","Adult"
"168",0,"3","female","4","1","4",27.9,"S","0","Adult"
"169",0,"1","male","4","0","0",25.925,"S","0","Adult"
"170",0,"3","male","3","0","0",56.4958,"S","0","Adult"
"171",0,"1","male","5","0","0",33.5,"S","2","Adult"
"172",0,"3","male","2","4","1",29.125,"Q","0","Child"
"173",1,"3","female","1","1","1",11.1333,"S","0","Child"
"174",0,"3","male","3","0","0",7.925,"S","0","Adult"
"175",0,"1","male","4","0","0",30.6958,"C","1","Adult"
"176",0,"3","male","3","1","1",7.8542,"S","0","Adult"
"177",0,"3","male","2","3","1",25.4667,"S","0","Child"
"178",0,"1","female","4","0","0",28.7125,"C","3","Adult"
"179",0,"2","male","4","0","0",13,"S","0","Adult"
"180",0,"3","male","4","0","0",0,"S","0","Adult"
"181",0,"3","female","2","8","2",69.55,"S","0","Child"
"182",0,"2","male","4","0","0",15.05,"C","0","Adult"
"183",0,"3","male","2","4","2",31.3875,"S","0","Child"
"184",1,"2","male","1","2","1",39,"S","6","Child"
"185",1,"3","female","2","0","2",22.025,"S","0","Child"
"186",0,"1","male","4","0","0",50,"S","1","Adult"
"187",1,"3","female","3","1","0",15.5,"Q","0","Adult"
"188",1,"1","male","4","0","0",26.55,"S","0","Adult"
"189",0,"3","male","4","1","1",15.5,"Q","0","Adult"
"190",0,"3","male","4","0","0",7.8958,"S","0","Adult"
"191",1,"2","female","4","0","0",13,"S","0","Adult"
"192",0,"2","male","3","0","0",13,"S","0","Adult"
"193",1,"3","female","3","1","0",7.8542,"S","0","Adult"
"194",1,"2","male","1","1","1",26,"S","6","Child"
"195",1,"1","female","4","0","0",27.7208,"C","2","Adult"
"196",1,"1","female","4","0","0",146.5208,"C","2","Adult"
"197",0,"3","male","4","0","0",7.75,"Q","0","Adult"
"198",0,"3","male","4","0","1",8.4042,"S","0","Adult"
"199",1,"3","female","3","0","0",7.75,"Q","0","Adult"
"200",0,"2","female","3","0","0",13,"S","0","Adult"
"201",0,"3","male","3","0","0",9.5,"S","0","Adult"
"202",0,"3","male","2","8","2",69.55,"S","0","Child"
"203",0,"3","male","4","0","0",6.4958,"S","0","Adult"
"204",0,"3","male","4","0","0",7.225,"C","0","Adult"
"205",1,"3","male","3","0","0",8.05,"S","0","Adult"
"206",0,"3","female","1","0","1",10.4625,"S","7","Child"
"207",0,"3","male","4","1","0",15.85,"S","0","Adult"
"208",1,"3","male","3","0","0",18.7875,"C","0","Adult"
"209",1,"3","female","3","0","0",7.75,"Q","0","Adult"
"210",1,"1","male","4","0","0",31,"C","1","Adult"
"211",0,"3","male","3","0","0",7.05,"S","0","Adult"
"212",1,"2","female","4","0","0",21,"S","0","Adult"
"213",0,"3","male","3","0","0",7.25,"S","0","Adult"
"214",0,"2","male","4","0","0",13,"S","0","Adult"
"215",0,"3","male","4","1","0",7.75,"Q","0","Adult"
"216",1,"1","female","4","1","0",113.275,"C","4","Adult"
"217",1,"3","female","3","0","0",7.925,"S","0","Adult"
"218",0,"2","male","4","1","0",27,"S","0","Adult"
"219",1,"1","female","4","0","0",76.2917,"C","4","Adult"
"220",0,"2","male","4","0","0",10.5,"S","0","Adult"
"221",1,"3","male","3","0","0",8.05,"S","0","Adult"
"222",0,"2","male","3","0","0",13,"S","0","Adult"
"223",0,"3","male","4","0","0",8.05,"S","0","Adult"
"224",0,"3","male","3","0","0",7.8958,"S","0","Adult"
"225",1,"1","male","4","1","0",90,"S","3","Adult"
"226",0,"3","male","3","0","0",9.35,"S","0","Adult"
"227",1,"2","male","3","0","0",10.5,"S","0","Adult"
"228",0,"3","male","3","0","0",7.25,"S","0","Adult"
"229",0,"2","male","3","0","0",13,"S","0","Adult"
"230",0,"3","female","1","3","1",25.4667,"S","0","Child"
"231",1,"1","female","4","1","0",83.475,"S","3","Adult"
"232",0,"3","male","3","0","0",7.775,"S","0","Adult"
"233",0,"2","male","4","0","0",13.5,"S","0","Adult"
"234",1,"3","female","2","4","2",31.3875,"S","0","Child"
"235",0,"2","male","3","0","0",10.5,"S","0","Adult"
"236",0,"3","female","3","0","0",7.55,"S","0","Adult"
"237",0,"2","male","4","1","0",26,"S","0","Adult"
"238",1,"2","female","2","0","2",26.25,"S","0","Child"
"239",0,"2","male","3","0","0",10.5,"S","0","Adult"
"240",0,"2","male","4","0","0",12.275,"S","0","Adult"
"241",0,"3","female","3","1","0",14.4542,"C","0","Adult"
"242",1,"3","female","3","1","0",15.5,"Q","0","Adult"
"243",0,"2","male","3","0","0",10.5,"S","0","Adult"
"244",0,"3","male","3","0","0",7.125,"S","0","Adult"
"245",0,"3","male","4","0","0",7.225,"C","0","Adult"
"246",0,"1","male","4","2","0",90,"Q","3","Adult"
"247",0,"3","female","3","0","0",7.775,"S","0","Adult"
"248",1,"2","female","3","0","2",14.5,"S","0","Adult"
"249",1,"1","male","4","1","1",52.5542,"S","4","Adult"
"250",0,"2","male","4","1","0",26,"S","0","Adult"
"251",0,"3","male","3","0","0",7.25,"S","0","Adult"
"252",0,"3","female","3","1","1",10.4625,"S","7","Adult"
"253",0,"1","male","5","0","0",26.55,"S","3","Adult"
"254",0,"3","male","4","1","0",16.1,"S","0","Adult"
"255",0,"3","female","4","0","2",20.2125,"S","0","Adult"
"256",1,"3","female","3","0","2",15.2458,"C","0","Adult"
"257",1,"1","female","4","0","0",79.2,"C","0","Adult"
"258",1,"1","female","4","0","0",86.5,"S","2","Adult"
"259",1,"1","female","4","0","0",512.3292,"C","0","Adult"
"260",1,"2","female","4","0","1",26,"S","0","Adult"
"261",0,"3","male","4","0","0",7.75,"Q","0","Adult"
"262",1,"3","male","1","4","2",31.3875,"S","0","Child"
"263",0,"1","male","4","1","1",79.65,"S","5","Adult"
"264",0,"1","male","4","0","0",0,"S","2","Adult"
"265",0,"3","female","3","0","0",7.75,"Q","0","Adult"
"266",0,"2","male","4","0","0",10.5,"S","0","Adult"
"267",0,"3","male","3","4","1",39.6875,"S","0","Adult"
"268",1,"3","male","3","1","0",7.775,"S","0","Adult"
"269",1,"1","female","4","0","1",153.4625,"S","3","Adult"
"270",1,"1","female","4","0","0",135.6333,"S","3","Adult"
"271",0,"1","male","4","0","0",31,"S","0","Adult"
"272",1,"3","male","3","0","0",0,"S","0","Adult"
"273",1,"2","female","4","0","1",19.5,"S","0","Adult"
"274",0,"1","male","4","0","1",29.7,"C","3","Adult"
"275",1,"3","female","3","0","0",7.75,"Q","0","Adult"
"276",1,"1","female","5","1","0",77.9583,"S","4","Adult"
"277",0,"3","female","4","0","0",7.75,"S","0","Adult"
"278",0,"2","male","3","0","0",0,"S","0","Adult"
"279",0,"3","male","2","4","1",29.125,"Q","0","Child"
"280",1,"3","female","4","1","1",20.25,"S","0","Adult"
"281",0,"3","male","5","0","0",7.75,"Q","0","Adult"
"282",0,"3","male","3","0","0",7.8542,"S","0","Adult"
"283",0,"3","male","3","0","0",9.5,"S","0","Adult"
"284",1,"3","male","3","0","0",8.05,"S","0","Adult"
"285",0,"1","male","4","0","0",26,"S","1","Adult"
"286",0,"3","male","4","0","0",8.6625,"C","0","Adult"
"287",1,"3","male","4","0","0",9.5,"S","0","Adult"
"288",0,"3","male","3","0","0",7.8958,"S","0","Adult"
"289",1,"2","male","4","0","0",13,"S","0","Adult"
"290",1,"3","female","3","0","0",7.75,"Q","0","Adult"
"291",1,"1","female","3","0","0",78.85,"S","0","Adult"
"292",1,"1","female","3","1","0",91.0792,"C","2","Adult"
"293",0,"2","male","4","0","0",12.875,"C","4","Adult"
"294",0,"3","female","3","0","0",8.85,"S","0","Adult"
"295",0,"3","male","3","0","0",7.8958,"S","0","Adult"
"296",0,"1","male","4","0","0",27.7208,"C","0","Adult"
"297",0,"3","male","3","0","0",7.2292,"C","0","Adult"
"298",0,"1","female","1","1","2",151.55,"S","3","Child"
"299",1,"1","male","4","0","0",30.5,"S","3","Adult"
"300",1,"1","female","4","0","1",247.5208,"C","2","Adult"
"301",1,"3","female","3","0","0",7.75,"Q","0","Adult"
"302",1,"3","male","3","2","0",23.25,"Q","0","Adult"
"303",0,"3","male","3","0","0",0,"S","0","Adult"
"304",1,"2","female","3","0","0",12.35,"Q","5","Adult"
"305",0,"3","male","3","0","0",8.05,"S","0","Adult"
"306",1,"1","male","1","1","2",151.55,"S","3","Child"
"307",1,"1","female","4","0","0",110.8833,"C","0","Adult"
"308",1,"1","female","3","1","0",108.9,"C","3","Adult"
"309",0,"2","male","4","1","0",24,"C","0","Adult"
"310",1,"1","female","4","0","0",56.9292,"C","5","Adult"
"311",1,"1","female","3","0","0",83.1583,"C","3","Adult"
"312",1,"1","female","3","2","2",262.375,"C","2","Adult"
"313",0,"2","female","3","1","1",26,"S","0","Adult"
"314",0,"3","male","3","0","0",7.8958,"S","0","Adult"
"315",0,"2","male","4","1","1",26.25,"S","0","Adult"
"316",1,"3","female","3","0","0",7.8542,"S","0","Adult"
"317",1,"2","female","3","1","0",26,"S","0","Adult"
"318",0,"2","male","4","0","0",14,"S","0","Adult"
"319",1,"1","female","4","0","2",164.8667,"S","3","Adult"
"320",1,"1","female","4","1","1",134.5,"C","5","Adult"
"321",0,"3","male","3","0","0",7.25,"S","0","Adult"
"322",0,"3","male","3","0","0",7.8958,"S","0","Adult"
"323",1,"2","female","4","0","0",12.35,"Q","0","Adult"
"324",1,"2","female","3","1","1",29,"S","0","Adult"
"325",0,"3","male","2","8","2",69.55,"S","0","Child"
"326",1,"1","female","4","0","0",135.6333,"C","3","Adult"
"327",0,"3","male","5","0","0",6.2375,"S","0","Adult"
"328",1,"2","female","4","0","0",13,"S","4","Adult"
"329",1,"3","female","4","1","1",20.525,"S","0","Adult"
"330",1,"1","female","3","0","1",57.9792,"C","2","Adult"
"331",1,"3","female","3","2","0",23.25,"Q","0","Adult"
"332",0,"1","male","4","0","0",28.5,"S","3","Adult"
"333",0,"1","male","4","0","1",153.4625,"S","3","Adult"
"334",0,"3","male","3","2","0",18,"S","0","Adult"
"335",1,"1","female","4","1","0",133.65,"S","0","Adult"
"336",0,"3","male","3","0","0",7.8958,"S","0","Adult"
"337",0,"1","male","3","1","0",66.6,"S","3","Adult"
"338",1,"1","female","4","0","0",134.5,"C","5","Adult"
"339",1,"3","male","4","0","0",8.05,"S","0","Adult"
"340",0,"1","male","4","0","0",35.5,"S","8","Adult"
"341",1,"2","male","1","1","1",26,"S","6","Child"
"342",1,"1","female","3","3","2",263,"S","3","Adult"
"343",0,"2","male","3","0","0",13,"S","0","Adult"
"344",0,"2","male","3","0","0",13,"S","0","Adult"
"345",0,"2","male","4","0","0",13,"S","0","Adult"
"346",1,"2","female","3","0","0",13,"S","6","Adult"
"347",1,"2","female","4","0","0",13,"S","0","Adult"
"348",1,"3","female","3","1","0",16.1,"S","0","Adult"
"349",1,"3","male","1","1","1",15.9,"S","0","Child"
"350",0,"3","male","4","0","0",8.6625,"S","0","Adult"
"351",0,"3","male","3","0","0",9.225,"S","0","Adult"
"352",0,"1","male","4","0","0",35,"S","3","Adult"
"353",0,"3","male","3","1","1",7.2292,"C","0","Adult"
"354",0,"3","male","3","1","0",17.8,"S","0","Adult"
"355",0,"3","male","4","0","0",7.225,"C","0","Adult"
"356",0,"3","male","3","0","0",9.5,"S","0","Adult"
"357",1,"1","female","3","0","1",55,"S","5","Adult"
"358",0,"2","female","4","0","0",13,"S","0","Adult"
"359",1,"3","female","3","0","0",7.8792,"Q","0","Adult"
"360",1,"3","female","3","0","0",7.8792,"Q","0","Adult"
"361",0,"3","male","4","1","4",27.9,"S","0","Adult"
"362",0,"2","male","3","1","0",27.7208,"C","0","Adult"
"363",0,"3","female","4","0","1",14.4542,"C","0","Adult"
"364",0,"3","male","4","0","0",7.05,"S","0","Adult"
"365",0,"3","male","4","1","0",15.5,"Q","0","Adult"
"366",0,"3","male","4","0","0",7.25,"S","0","Adult"
"367",1,"1","female","4","1","0",75.25,"C","4","Adult"
"368",1,"3","female","3","0","0",7.2292,"C","0","Adult"
"369",1,"3","female","3","0","0",7.75,"Q","0","Adult"
"370",1,"1","female","3","0","0",69.3,"C","2","Adult"
"371",1,"1","male","3","1","0",55.4417,"C","5","Adult"
"372",0,"3","male","3","1","0",6.4958,"S","0","Adult"
"373",0,"3","male","3","0","0",8.05,"S","0","Adult"
"374",0,"1","male","3","0","0",135.6333,"C","0","Adult"
"375",0,"3","female","1","3","1",21.075,"S","0","Child"
"376",1,"1","female","4","1","0",82.1708,"C","0","Adult"
"377",1,"3","female","3","0","0",7.25,"S","0","Adult"
"378",0,"1","male","3","0","2",211.5,"C","3","Adult"
"379",0,"3","male","3","0","0",4.0125,"C","0","Adult"
"380",0,"3","male","3","0","0",7.775,"S","0","Adult"
"381",1,"1","female","4","0","0",227.525,"C","0","Adult"
"382",1,"3","female","1","0","2",15.7417,"C","0","Child"
"383",0,"3","male","4","0","0",7.925,"S","0","Adult"
"384",1,"1","female","4","1","0",52,"S","0","Adult"
"385",0,"3","male","3","0","0",7.8958,"S","0","Adult"
"386",0,"2","male","3","0","0",73.5,"S","0","Adult"
"387",0,"3","male","1","5","2",46.9,"S","0","Child"
"388",1,"2","female","4","0","0",13,"S","0","Adult"
"389",0,"3","male","3","0","0",7.7292,"Q","0","Adult"
"390",1,"2","female","3","0","0",12,"C","0","Adult"
"391",1,"1","male","4","1","2",120,"S","2","Adult"
"392",1,"3","male","3","0","0",7.7958,"S","0","Adult"
"393",0,"3","male","3","2","0",7.925,"S","0","Adult"
"394",1,"1","female","3","1","0",113.275,"C","4","Adult"
"395",1,"3","female","3","0","2",16.7,"S","7","Adult"
"396",0,"3","male","3","0","0",7.7958,"S","0","Adult"
"397",0,"3","female","4","0","0",7.8542,"S","0","Adult"
"398",0,"2","male","4","0","0",26,"S","0","Adult"
"399",0,"2","male","3","0","0",10.5,"S","0","Adult"
"400",1,"2","female","3","0","0",12.65,"S","0","Adult"
"401",1,"3","male","4","0","0",7.925,"S","0","Adult"
"402",0,"3","male","3","0","0",8.05,"S","0","Adult"
"403",0,"3","female","3","1","0",9.825,"S","0","Adult"
"404",0,"3","male","3","1","0",15.85,"S","0","Adult"
"405",0,"3","female","3","0","0",8.6625,"S","0","Adult"
"406",0,"2","male","4","1","0",21,"S","0","Adult"
"407",0,"3","male","4","0","0",7.75,"S","0","Adult"
"408",1,"2","male","1","1","1",18.75,"S","0","Child"
"409",0,"3","male","3","0","0",7.775,"S","0","Adult"
"410",0,"3","female","2","3","1",25.4667,"S","0","Child"
"411",0,"3","male","3","0","0",7.8958,"S","0","Adult"
"412",0,"3","male","3","0","0",6.8583,"Q","0","Adult"
"413",1,"1","female","4","1","0",90,"Q","3","Adult"
"414",0,"2","male","3","0","0",0,"S","0","Adult"
"415",1,"3","male","4","0","0",7.925,"S","0","Adult"
"416",0,"3","female","3","0","0",8.05,"S","0","Adult"
"417",1,"2","female","4","1","1",32.5,"S","0","Adult"
"418",1,"2","female","3","0","2",13,"S","0","Adult"
"419",0,"2","male","4","0","0",13,"S","0","Adult"
"420",0,"3","female","2","0","2",24.15,"S","0","Child"
"421",0,"3","male","3","0","0",7.8958,"C","0","Adult"
"422",0,"3","male","3","0","0",7.7333,"Q","0","Adult"
"423",0,"3","male","3","0","0",7.875,"S","0","Adult"
"424",0,"3","female","3","1","1",14.4,"S","0","Adult"
"425",0,"3","male","3","1","1",20.2125,"S","0","Adult"
"426",0,"3","male","3","0","0",7.25,"S","0","Adult"
"427",1,"2","female","3","1","0",26,"S","0","Adult"
"428",1,"2","female","3","0","0",26,"S","0","Adult"
"429",0,"3","male","4","0","0",7.75,"Q","0","Adult"
"430",1,"3","male","4","0","0",8.05,"S","5","Adult"
"431",1,"1","male","3","0","0",26.55,"S","3","Adult"
"432",1,"3","female","3","1","0",16.1,"S","0","Adult"
"433",1,"2","female","4","1","0",26,"S","0","Adult"
"434",0,"3","male","3","0","0",7.125,"S","0","Adult"
"435",0,"1","male","4","1","0",55.9,"S","5","Adult"
"436",1,"1","female","3","1","2",120,"S","2","Adult"
"437",0,"3","female","3","2","2",34.375,"S","0","Adult"
"438",1,"2","female","3","2","3",18.75,"S","0","Adult"
"439",0,"1","male","5","1","4",263,"S","3","Adult"
"440",0,"2","male","4","0","0",10.5,"S","0","Adult"
"441",1,"2","female","4","1","1",26.25,"S","0","Adult"
"442",0,"3","male","3","0","0",9.5,"S","0","Adult"
"443",0,"3","male","3","1","0",7.775,"S","0","Adult"
"444",1,"2","female","3","0","0",13,"S","0","Adult"
"445",1,"3","male","3","0","0",8.1125,"S","0","Adult"
"446",1,"1","male","2","0","2",81.8583,"S","1","Child"
"447",1,"2","female","2","0","1",19.5,"S","0","Child"
"448",1,"1","male","4","0","0",26.55,"S","0","Adult"
"449",1,"3","female","2","2","1",19.2583,"C","0","Child"
"450",1,"1","male","4","0","0",30.5,"S","3","Adult"
"451",0,"2","male","4","1","2",27.75,"S","0","Adult"
"452",0,"3","male","3","1","0",19.9667,"S","0","Adult"
"453",0,"1","male","4","0","0",27.75,"C","3","Adult"
"454",1,"1","male","4","1","0",89.1042,"C","3","Adult"
"455",0,"3","male","3","0","0",8.05,"S","0","Adult"
"456",1,"3","male","3","0","0",7.8958,"C","0","Adult"
"457",0,"1","male","5","0","0",26.55,"S","5","Adult"
"458",1,"1","female","4","1","0",51.8625,"S","4","Adult"
"459",1,"2","female","4","0","0",10.5,"S","0","Adult"
"460",0,"3","male","4","0","0",7.75,"Q","0","Adult"
"461",1,"1","male","4","0","0",26.55,"S","5","Adult"
"462",0,"3","male","4","0","0",8.05,"S","0","Adult"
"463",0,"1","male","4","0","0",38.5,"S","5","Adult"
"464",0,"2","male","4","0","0",13,"S","0","Adult"
"465",0,"3","male","3","0","0",8.05,"S","0","Adult"
"466",0,"3","male","4","0","0",7.05,"S","0","Adult"
"467",0,"2","male","4","0","0",0,"S","0","Adult"
"468",0,"1","male","4","0","0",26.55,"S","0","Adult"
"469",0,"3","male","5","0","0",7.725,"Q","0","Adult"
"470",1,"3","female","1","2","1",19.2583,"C","0","Child"
"471",0,"3","male","3","0","0",7.25,"S","0","Adult"
"472",0,"3","male","4","0","0",8.6625,"S","0","Adult"
"473",1,"2","female","4","1","2",27.75,"S","0","Adult"
"474",1,"2","female","3","0","0",13.7917,"C","4","Adult"
"475",0,"3","female","3","0","0",9.8375,"S","0","Adult"
"476",0,"1","male","4","0","0",52,"S","1","Adult"
"477",0,"2","male","4","1","0",21,"S","0","Adult"
"478",0,"3","male","3","1","0",7.0458,"S","0","Adult"
"479",0,"3","male","3","0","0",7.5208,"S","0","Adult"
"480",1,"3","female","1","0","1",12.2875,"S","0","Child"
"481",0,"3","male","2","5","2",46.9,"S","0","Child"
"482",0,"2","male","3","0","0",0,"S","0","Adult"
"483",0,"3","male","4","0","0",8.05,"S","0","Adult"
"484",1,"3","female","5","0","0",9.5875,"S","0","Adult"
"485",1,"1","male","3","1","0",91.0792,"C","2","Adult"
"486",0,"3","female","1","3","1",25.4667,"S","0","Child"
"487",1,"1","female","4","1","0",90,"S","3","Adult"
"488",0,"1","male","4","0","0",29.7,"C","2","Adult"
"489",0,"3","male","4","0","0",8.05,"S","0","Adult"
"490",1,"3","male","2","1","1",15.9,"S","0","Child"
"491",0,"3","male","3","1","0",19.9667,"S","0","Adult"
"492",0,"3","male","3","0","0",7.25,"S","0","Adult"
"493",0,"1","male","4","0","0",30.5,"S","3","Adult"
"494",0,"1","male","5","0","0",49.5042,"C","0","Adult"
"495",0,"3","male","3","0","0",8.05,"S","0","Adult"
"496",0,"3","male","4","0","0",14.4583,"C","0","Adult"
"497",1,"1","female","4","1","0",78.2667,"C","4","Adult"
"498",0,"3","male","3","0","0",15.1,"S","0","Adult"
"499",0,"1","female","3","1","2",151.55,"S","3","Adult"
"500",0,"3","male","3","0","0",7.7958,"S","0","Adult"
"501",0,"3","male","3","0","0",8.6625,"S","0","Adult"
"502",0,"3","female","3","0","0",7.75,"Q","0","Adult"
"503",0,"3","female","3","0","0",7.6292,"Q","0","Adult"
"504",0,"3","female","4","0","0",9.5875,"S","0","Adult"
"505",1,"1","female","3","0","0",86.5,"S","2","Adult"
"506",0,"1","male","3","1","0",108.9,"C","3","Adult"
"507",1,"2","female","4","0","2",26,"S","0","Adult"
"508",1,"1","male","4","0","0",26.55,"S","0","Adult"
"509",0,"3","male","3","0","0",22.525,"S","0","Adult"
"510",1,"3","male","3","0","0",56.4958,"S","0","Adult"
"511",1,"3","male","3","0","0",7.75,"Q","0","Adult"
"512",0,"3","male","3","0","0",8.05,"S","0","Adult"
"513",1,"1","male","4","0","0",26.2875,"S","5","Adult"
"514",1,"1","female","4","1","0",59.4,"C","0","Adult"
"515",0,"3","male","3","0","0",7.4958,"S","0","Adult"
"516",0,"1","male","4","0","0",34.0208,"S","4","Adult"
"517",1,"2","female","4","0","0",10.5,"S","6","Adult"
"518",0,"3","male","4","0","0",24.15,"Q","0","Adult"
"519",1,"2","female","4","1","0",26,"S","0","Adult"
"520",0,"3","male","4","0","0",7.8958,"S","0","Adult"
"521",1,"1","female","4","0","0",93.5,"S","2","Adult"
"522",0,"3","male","3","0","0",7.8958,"S","0","Adult"
"523",0,"3","male","4","0","0",7.225,"C","0","Adult"
"524",1,"1","female","4","0","1",57.9792,"C","2","Adult"
"525",0,"3","male","3","0","0",7.2292,"C","0","Adult"
"526",0,"3","male","4","0","0",7.75,"Q","0","Adult"
"527",1,"2","female","4","0","0",10.5,"S","0","Adult"
"528",0,"1","male","4","0","0",221.7792,"S","3","Adult"
"529",0,"3","male","4","0","0",7.925,"S","0","Adult"
"530",0,"2","male","3","2","1",11.5,"S","0","Adult"
"531",1,"2","female","1","1","1",26,"S","0","Child"
"532",0,"3","male","3","0","0",7.2292,"C","0","Adult"
"533",0,"3","male","3","1","1",7.2292,"C","0","Adult"
"534",1,"3","female","2","0","2",22.3583,"C","0","Child"
"535",0,"3","female","4","0","0",8.6625,"S","0","Adult"
"536",1,"2","female","2","0","2",26.25,"S","0","Child"
"537",0,"1","male","4","0","0",26.55,"S","2","Adult"
"538",1,"1","female","4","0","0",106.425,"C","0","Adult"
"539",0,"3","male","3","0","0",14.5,"S","0","Adult"
"540",1,"1","female","3","0","2",49.5,"C","2","Adult"
"541",1,"1","female","4","0","2",71,"S","2","Adult"
"542",0,"3","female","2","4","2",31.275,"S","0","Child"
"543",0,"3","female","2","4","2",31.275,"S","0","Child"
"544",1,"2","male","4","1","0",26,"S","0","Adult"
"545",0,"1","male","4","1","0",106.425,"C","3","Adult"
"546",0,"1","male","5","0","0",26,"S","0","Adult"
"547",1,"2","female","3","1","0",26,"S","0","Adult"
"548",1,"2","male","3","0","0",13.8625,"C","0","Adult"
"549",0,"3","male","4","1","1",20.525,"S","0","Adult"
"550",1,"2","male","2","1","1",36.75,"S","0","Child"
"551",1,"1","male","3","0","2",110.8833,"C","3","Adult"
"552",0,"2","male","3","0","0",26,"S","0","Adult"
"553",0,"3","male","4","0","0",7.8292,"Q","0","Adult"
"554",1,"3","male","3","0","0",7.225,"C","0","Adult"
"555",1,"3","female","3","0","0",7.775,"S","0","Adult"
"556",0,"1","male","5","0","0",26.55,"S","0","Adult"
"557",1,"1","female","4","1","0",39.6,"C","1","Adult"
"558",0,"1","male","3","0","0",227.525,"C","0","Adult"
"559",1,"1","female","4","1","1",79.65,"S","5","Adult"
"560",1,"3","female","4","1","0",17.4,"S","0","Adult"
"561",0,"3","male","4","0","0",7.75,"Q","0","Adult"
"562",0,"3","male","4","0","0",7.8958,"S","0","Adult"
"563",0,"2","male","3","0","0",13.5,"S","0","Adult"
"564",0,"3","male","3","0","0",8.05,"S","0","Adult"
"565",0,"3","female","3","0","0",8.05,"S","0","Adult"
"566",0,"3","male","3","2","0",24.15,"S","0","Adult"
"567",0,"3","male","3","0","0",7.8958,"S","0","Adult"
"568",0,"3","female","3","0","4",21.075,"S","0","Adult"
"569",0,"3","male","3","0","0",7.2292,"C","0","Adult"
"570",1,"3","male","4","0","0",7.8542,"S","0","Adult"
"571",1,"2","male","5","0","0",10.5,"S","0","Adult"
"572",1,"1","female","4","2","0",51.4792,"S","3","Adult"
"573",1,"1","male","4","0","0",26.3875,"S","5","Adult"
"574",1,"3","female","3","0","0",7.75,"Q","0","Adult"
"575",0,"3","male","3","0","0",8.05,"S","0","Adult"
"576",0,"3","male","3","0","0",14.5,"S","0","Adult"
"577",1,"2","female","4","0","0",13,"S","0","Adult"
"578",1,"1","female","4","1","0",55.9,"S","5","Adult"
"579",0,"3","female","3","1","0",14.4583,"C","0","Adult"
"580",1,"3","male","4","0","0",7.925,"S","0","Adult"
"581",1,"2","female","3","1","1",30,"S","0","Adult"
"582",1,"1","female","4","1","1",110.8833,"C","3","Adult"
"583",0,"2","male","4","0","0",26,"S","0","Adult"
"584",0,"1","male","4","0","0",40.125,"C","1","Adult"
"585",0,"3","male","4","0","0",8.7125,"C","0","Adult"
"586",1,"1","female","3","0","2",79.65,"S","5","Adult"
"587",0,"2","male","4","0","0",15,"S","0","Adult"
"588",1,"1","male","4","1","1",79.2,"C","2","Adult"
"589",0,"3","male","3","0","0",8.05,"S","0","Adult"
"590",0,"3","male","3","0","0",8.05,"S","0","Adult"
"591",0,"3","male","4","0","0",7.125,"S","0","Adult"
"592",1,"1","female","4","1","0",78.2667,"C","4","Adult"
"593",0,"3","male","4","0","0",7.25,"S","0","Adult"
"594",0,"3","female","4","0","2",7.75,"Q","0","Adult"
"595",0,"2","male","4","1","0",26,"S","0","Adult"
"596",0,"3","male","4","1","1",24.15,"S","0","Adult"
"597",1,"2","female","4","0","0",33,"S","0","Adult"
"598",0,"3","male","4","0","0",0,"S","0","Adult"
"599",0,"3","male","4","0","0",7.225,"C","0","Adult"
"600",1,"1","male","4","1","0",56.9292,"C","1","Adult"
"601",1,"2","female","3","2","1",27,"S","0","Adult"
"602",0,"3","male","3","0","0",7.8958,"S","0","Adult"
"603",0,"1","male","4","0","0",42.4,"S","0","Adult"
"604",0,"3","male","4","0","0",8.05,"S","0","Adult"
"605",1,"1","male","4","0","0",26.55,"C","0","Adult"
"606",0,"3","male","4","1","0",15.55,"S","0","Adult"
"607",0,"3","male","4","0","0",7.8958,"S","0","Adult"
"608",1,"1","male","3","0","0",30.5,"S","0","Adult"
"609",1,"2","female","3","1","2",41.5792,"C","0","Adult"
"610",1,"1","female","4","0","0",153.4625,"S","3","Adult"
"611",0,"3","female","4","1","5",31.275,"S","0","Adult"
"612",0,"3","male","3","0","0",7.05,"S","0","Adult"
"613",1,"3","female","3","1","0",15.5,"Q","0","Adult"
"614",0,"3","male","4","0","0",7.75,"Q","0","Adult"
"615",0,"3","male","4","0","0",8.05,"S","0","Adult"
"616",1,"2","female","3","1","2",65,"S","0","Adult"
"617",0,"3","male","4","1","1",14.4,"S","0","Adult"
"618",0,"3","female","3","1","0",16.1,"S","0","Adult"
"619",1,"2","female","2","2","1",39,"S","6","Child"
"620",0,"2","male","3","0","0",10.5,"S","0","Adult"
"621",0,"3","male","3","1","0",14.4542,"C","0","Adult"
"622",1,"1","male","4","1","0",52.5542,"S","4","Adult"
"623",1,"3","male","3","1","1",15.7417,"C","0","Adult"
"624",0,"3","male","3","0","0",7.8542,"S","0","Adult"
"625",0,"3","male","3","0","0",16.1,"S","0","Adult"
"626",0,"1","male","5","0","0",32.3208,"S","4","Adult"
"627",0,"2","male","4","0","0",12.35,"Q","0","Adult"
"628",1,"1","female","3","0","0",77.9583,"S","4","Adult"
"629",0,"3","male","3","0","0",7.8958,"S","0","Adult"
"630",0,"3","male","5","0","0",7.7333,"Q","0","Adult"
"631",1,"1","male","5","0","0",30,"S","1","Adult"
"632",0,"3","male","4","0","0",7.0542,"S","0","Adult"
"633",1,"1","male","4","0","0",30.5,"C","2","Adult"
"634",0,"1","male","4","0","0",0,"S","0","Adult"
"635",0,"3","female","2","3","2",27.9,"S","0","Child"
"636",1,"2","female","3","0","0",13,"S","0","Adult"
"637",0,"3","male","4","0","0",7.925,"S","0","Adult"
"638",0,"2","male","4","1","1",26.25,"S","0","Adult"
"639",0,"3","female","4","0","5",39.6875,"S","0","Adult"
"640",0,"3","male","4","1","0",16.1,"S","0","Adult"
"641",0,"3","male","3","0","0",7.8542,"S","0","Adult"
"642",1,"1","female","3","0","0",69.3,"C","2","Adult"
"643",0,"3","female","1","3","2",27.9,"S","0","Child"
"644",1,"3","male","4","0","0",56.4958,"S","0","Adult"
"645",1,"3","female","1","2","1",19.2583,"C","0","Child"
"646",1,"1","male","4","1","0",76.7292,"C","4","Adult"
"647",0,"3","male","3","0","0",7.8958,"S","0","Adult"
"648",1,"1","male","4","0","0",35.5,"C","1","Adult"
"649",0,"3","male","4","0","0",7.55,"S","0","Adult"
"650",1,"3","female","3","0","0",7.55,"S","0","Adult"
"651",0,"3","male","3","0","0",7.8958,"S","0","Adult"
"652",1,"2","female","3","0","1",23,"S","0","Adult"
"653",0,"3","male","3","0","0",8.4333,"S","0","Adult"
"654",1,"3","female","3","0","0",7.8292,"Q","0","Adult"
"655",0,"3","female","3","0","0",6.75,"Q","0","Adult"
"656",0,"2","male","3","2","0",73.5,"S","0","Adult"
"657",0,"3","male","3","0","0",7.8958,"S","0","Adult"
"658",0,"3","female","4","1","1",15.5,"Q","0","Adult"
"659",0,"2","male","3","0","0",13,"S","0","Adult"
"660",0,"1","male","4","0","2",113.275,"C","4","Adult"
"661",1,"1","male","4","2","0",133.65,"S","0","Adult"
"662",0,"3","male","4","0","0",7.225,"C","0","Adult"
"663",0,"1","male","4","0","0",25.5875,"S","5","Adult"
"664",0,"3","male","4","0","0",7.4958,"S","0","Adult"
"665",1,"3","male","3","1","0",7.925,"S","0","Adult"
"666",0,"2","male","4","2","0",73.5,"S","0","Adult"
"667",0,"2","male","3","0","0",13,"S","0","Adult"
"668",0,"3","male","3","0","0",7.775,"S","0","Adult"
"669",0,"3","male","4","0","0",8.05,"S","0","Adult"
"670",1,"1","female","4","1","0",52,"S","3","Adult"
"671",1,"2","female","4","1","1",39,"S","0","Adult"
"672",0,"1","male","4","1","0",52,"S","2","Adult"
"673",0,"2","male","5","0","0",10.5,"S","0","Adult"
"674",1,"2","male","4","0","0",13,"S","0","Adult"
"675",0,"2","male","4","0","0",0,"S","0","Adult"
"676",0,"3","male","3","0","0",7.775,"S","0","Adult"
"677",0,"3","male","3","0","0",8.05,"S","0","Adult"
"678",1,"3","female","3","0","0",9.8417,"S","0","Adult"
"679",0,"3","female","4","1","6",46.9,"S","0","Adult"
"680",1,"1","male","4","0","1",512.3292,"C","2","Adult"
"681",0,"3","female","3","0","0",8.1375,"Q","0","Adult"
"682",1,"1","male","3","0","0",76.7292,"C","4","Adult"
"683",0,"3","male","3","0","0",9.225,"S","0","Adult"
"684",0,"3","male","3","5","2",46.9,"S","0","Adult"
"685",0,"2","male","4","1","1",39,"S","0","Adult"
"686",0,"2","male","3","1","2",41.5792,"C","0","Adult"
"687",0,"3","male","3","4","1",39.6875,"S","0","Adult"
"688",0,"3","male","3","0","0",10.1708,"S","0","Adult"
"689",0,"3","male","3","0","0",7.7958,"S","0","Adult"
"690",1,"1","female","3","0","1",211.3375,"S","2","Adult"
"691",1,"1","male","4","1","0",57,"S","2","Adult"
"692",1,"3","female","2","0","1",13.4167,"C","0","Child"
"693",1,"3","male","4","0","0",56.4958,"S","0","Adult"
"694",0,"3","male","3","0","0",7.225,"C","0","Adult"
"695",0,"1","male","4","0","0",26.55,"S","0","Adult"
"696",0,"2","male","4","0","0",13.5,"S","0","Adult"
"697",0,"3","male","4","0","0",8.05,"S","0","Adult"
"698",1,"3","female","3","0","0",7.7333,"Q","0","Adult"
"699",0,"1","male","4","1","1",110.8833,"C","3","Adult"
"700",0,"3","male","4","0","0",7.65,"S","6","Adult"
"701",1,"1","female","3","1","0",227.525,"C","3","Adult"
"702",1,"1","male","4","0","0",26.2875,"S","5","Adult"
"703",0,"3","female","3","0","1",14.4542,"C","0","Adult"
"704",0,"3","male","3","0","0",7.7417,"Q","0","Adult"
"705",0,"3","male","3","1","0",7.8542,"S","0","Adult"
"706",0,"2","male","4","0","0",26,"S","0","Adult"
"707",1,"2","female","4","0","0",13.5,"S","0","Adult"
"708",1,"1","male","4","0","0",26.2875,"S","5","Adult"
"709",1,"1","female","3","0","0",151.55,"S","0","Adult"
"710",1,"3","male","2","1","1",15.2458,"C","0","Child"
"711",1,"1","female","3","0","0",49.5042,"C","3","Adult"
"712",0,"1","male","4","0","0",26.55,"S","3","Adult"
"713",1,"1","male","4","1","0",52,"S","3","Adult"
"714",0,"3","male","3","0","0",9.4833,"S","0","Adult"
"715",0,"2","male","4","0","0",13,"S","0","Adult"
"716",0,"3","male","3","0","0",7.65,"S","6","Adult"
"717",1,"1","female","4","0","0",227.525,"C","3","Adult"
"718",1,"2","female","3","0","0",10.5,"S","5","Adult"
"719",0,"3","male","4","0","0",15.5,"Q","0","Adult"
"720",0,"3","male","4","0","0",7.775,"S","0","Adult"
"721",1,"2","female","2","0","1",33,"S","0","Child"
"722",0,"3","male","3","1","0",7.0542,"S","0","Adult"
"723",0,"2","male","4","0","0",13,"S","0","Adult"
"724",0,"2","male","4","0","0",13,"S","0","Adult"
"725",1,"1","male","3","1","0",53.1,"S","5","Adult"
"726",0,"3","male","3","0","0",8.6625,"S","0","Adult"
"727",1,"2","female","4","3","0",21,"S","0","Adult"
"728",1,"3","female","3","0","0",7.7375,"Q","0","Adult"
"729",0,"2","male","3","1","0",26,"S","0","Adult"
"730",0,"3","female","3","1","0",7.925,"S","0","Adult"
"731",1,"1","female","3","0","0",211.3375,"S","2","Adult"
"732",0,"3","male","2","0","0",18.7875,"C","0","Child"
"733",0,"2","male","3","0","0",0,"S","0","Adult"
"734",0,"2","male","3","0","0",13,"S","0","Adult"
"735",0,"2","male","3","0","0",13,"S","0","Adult"
"736",0,"3","male","3","0","0",16.1,"S","0","Adult"
"737",0,"3","female","4","1","3",34.375,"S","0","Adult"
"738",1,"1","male","4","0","0",512.3292,"C","2","Adult"
"739",0,"3","male","3","0","0",7.8958,"S","0","Adult"
"740",0,"3","male","3","0","0",7.8958,"S","0","Adult"
"741",1,"1","male","3","0","0",30,"S","4","Adult"
"742",0,"1","male","4","1","0",78.85,"S","3","Adult"
"743",1,"1","female","3","2","2",262.375,"C","2","Adult"
"744",0,"3","male","3","1","0",16.1,"S","0","Adult"
"745",1,"3","male","4","0","0",7.925,"S","0","Adult"
"746",0,"1","male","5","1","1",71,"S","2","Adult"
"747",0,"3","male","3","1","1",20.25,"S","0","Adult"
"748",1,"2","female","4","0","0",13,"S","0","Adult"
"749",0,"1","male","3","1","0",53.1,"S","4","Adult"
"750",0,"3","male","4","0","0",7.75,"Q","0","Adult"
"751",1,"2","female","2","1","1",23,"S","0","Child"
"752",1,"3","male","2","0","1",12.475,"S","5","Child"
"753",0,"3","male","4","0","0",9.5,"S","0","Adult"
"754",0,"3","male","3","0","0",7.8958,"S","0","Adult"
"755",1,"2","female","4","1","2",65,"S","0","Adult"
"756",1,"2","male","1","1","1",14.5,"S","0","Child"
"757",0,"3","male","3","0","0",7.7958,"S","0","Adult"
"758",0,"2","male","3","0","0",11.5,"S","0","Adult"
"759",0,"3","male","4","0","0",8.05,"S","0","Adult"
"760",1,"1","female","4","0","0",86.5,"S","2","Adult"
"761",0,"3","male","3","0","0",14.5,"S","0","Adult"
"762",0,"3","male","4","0","0",7.125,"S","0","Adult"
"763",1,"3","male","3","0","0",7.2292,"C","0","Adult"
"764",1,"1","female","4","1","2",120,"S","2","Adult"
"765",0,"3","male","3","0","0",7.775,"S","0","Adult"
"766",1,"1","female","4","1","0",77.9583,"S","4","Adult"
"767",0,"1","male","5","0","0",39.6,"C","0","Adult"
"768",0,"3","female","4","0","0",7.75,"Q","0","Adult"
"769",0,"3","male","3","1","0",24.15,"Q","0","Adult"
"770",0,"3","male","4","0","0",8.3625,"S","0","Adult"
"771",0,"3","male","3","0","0",9.5,"S","0","Adult"
"772",0,"3","male","4","0","0",7.8542,"S","0","Adult"
"773",0,"2","female","4","0","0",10.5,"S","5","Adult"
"774",0,"3","male","4","0","0",7.225,"C","0","Adult"
"775",1,"2","female","4","1","3",23,"S","0","Adult"
"776",0,"3","male","3","0","0",7.75,"S","0","Adult"
"777",0,"3","male","4","0","0",7.75,"Q","6","Adult"
"778",1,"3","female","2","0","0",12.475,"S","0","Child"
"779",0,"3","male","3","0","0",7.7375,"Q","0","Adult"
"780",1,"1","female","4","0","1",211.3375,"S","2","Adult"
"781",1,"3","female","2","0","0",7.2292,"C","0","Child"
"782",1,"1","female","3","1","0",57,"S","2","Adult"
"783",0,"1","male","3","0","0",30,"S","4","Adult"
"784",0,"3","male","4","1","2",23.45,"S","0","Adult"
"785",0,"3","male","3","0","0",7.05,"S","0","Adult"
"786",0,"3","male","3","0","0",7.25,"S","0","Adult"
"787",1,"3","female","3","0","0",7.4958,"S","0","Adult"
"788",0,"3","male","2","4","1",29.125,"Q","0","Child"
"789",1,"3","male","1","1","2",20.575,"S","0","Child"
"790",0,"1","male","4","0","0",79.2,"C","2","Adult"
"791",0,"3","male","4","0","0",7.75,"Q","0","Adult"
"792",0,"2","male","3","0","0",26,"S","0","Adult"
"793",0,"3","female","2","8","2",69.55,"S","0","Child"
"794",0,"1","male","4","0","0",30.6958,"C","0","Adult"
"795",0,"3","male","3","0","0",7.8958,"S","0","Adult"
"796",0,"2","male","4","0","0",13,"S","0","Adult"
"797",1,"1","female","4","0","0",25.9292,"S","4","Adult"
"798",1,"3","female","4","0","0",8.6833,"S","0","Adult"
"799",0,"3","male","4","0","0",7.2292,"C","0","Adult"
"800",0,"3","female","4","1","1",24.15,"S","0","Adult"
"801",0,"2","male","4","0","0",13,"S","0","Adult"
"802",1,"2","female","4","1","1",26.25,"S","0","Adult"
"803",1,"1","male","2","1","2",120,"S","2","Child"
"804",1,"3","male","1","0","1",8.5167,"C","0","Child"
"805",1,"3","male","3","0","0",6.975,"S","0","Adult"
"806",0,"3","male","4","0","0",7.775,"S","0","Adult"
"807",0,"1","male","4","0","0",0,"S","1","Adult"
"808",0,"3","female","3","0","0",7.775,"S","0","Adult"
"809",0,"2","male","4","0","0",13,"S","0","Adult"
"810",1,"1","female","4","1","0",53.1,"S","5","Adult"
"811",0,"3","male","3","0","0",7.8875,"S","0","Adult"
"812",0,"3","male","4","0","0",24.15,"S","0","Adult"
"813",0,"2","male","4","0","0",10.5,"S","0","Adult"
"814",0,"3","female","2","4","2",31.275,"S","0","Child"
"815",0,"3","male","4","0","0",8.05,"S","0","Adult"
"816",0,"1","male","4","0","0",0,"S","2","Adult"
"817",0,"3","female","3","0","0",7.925,"S","0","Adult"
"818",0,"2","male","4","1","1",37.0042,"C","0","Adult"
"819",0,"3","male","4","0","0",6.45,"S","0","Adult"
"820",0,"3","male","2","3","2",27.9,"S","0","Child"
"821",1,"1","female","4","1","1",93.5,"S","2","Adult"
"822",1,"3","male","3","0","0",8.6625,"S","0","Adult"
"823",0,"1","male","4","0","0",0,"S","0","Adult"
"824",1,"3","female","3","0","1",12.475,"S","5","Adult"
"825",0,"3","male","1","4","1",39.6875,"S","0","Child"
"826",0,"3","male","3","0","0",6.95,"Q","0","Adult"
"827",0,"3","male","3","0","0",56.4958,"S","0","Adult"
"828",1,"2","male","1","0","2",37.0042,"C","0","Child"
"829",1,"3","male","3","0","0",7.75,"Q","0","Adult"
"830",1,"1","female","5","0","0",80,"S","2","Adult"
"831",1,"3","female","3","1","0",14.4542,"C","0","Adult"
"832",1,"2","male","1","1","1",18.75,"S","0","Child"
"833",0,"3","male","3","0","0",7.2292,"C","0","Adult"
"834",0,"3","male","3","0","0",7.8542,"S","0","Adult"
"835",0,"3","male","3","0","0",8.3,"S","0","Adult"
"836",1,"1","female","4","1","1",83.1583,"C","5","Adult"
"837",0,"3","male","3","0","0",8.6625,"S","0","Adult"
"838",0,"3","male","3","0","0",8.05,"S","0","Adult"
"839",1,"3","male","4","0","0",56.4958,"S","0","Adult"
"840",1,"1","male","4","0","0",29.7,"C","3","Adult"
"841",0,"3","male","3","0","0",7.925,"S","0","Adult"
"842",0,"2","male","3","0","0",10.5,"S","0","Adult"
"843",1,"1","female","4","0","0",31,"C","0","Adult"
"844",0,"3","male","4","0","0",6.4375,"C","0","Adult"
"845",0,"3","male","3","0","0",8.6625,"S","0","Adult"
"846",0,"3","male","4","0","0",7.55,"S","0","Adult"
"847",0,"3","male","2","8","2",69.55,"S","0","Child"
"848",0,"3","male","4","0","0",7.8958,"C","0","Adult"
"849",0,"2","male","3","0","1",33,"S","0","Adult"
"850",1,"1","female","4","1","0",89.1042,"C","3","Adult"
"851",0,"3","male","2","4","2",31.275,"S","0","Child"
"852",0,"3","male","5","0","0",7.775,"S","0","Adult"
"853",0,"3","female","2","1","1",15.2458,"C","0","Child"
"854",1,"1","female","3","0","1",39.4,"S","4","Adult"
"855",0,"2","female","4","1","0",26,"S","0","Adult"
"856",1,"3","female","3","0","1",9.35,"S","0","Adult"
"857",1,"1","female","4","1","1",164.8667,"S","0","Adult"
"858",1,"1","male","4","0","0",26.55,"S","5","Adult"
"859",1,"3","female","3","0","3",19.2583,"C","0","Adult"
"860",0,"3","male","3","0","0",7.2292,"C","0","Adult"
"861",0,"3","male","4","2","0",14.1083,"S","0","Adult"
"862",0,"2","male","3","1","0",11.5,"S","0","Adult"
"863",1,"1","female","4","0","0",25.9292,"S","4","Adult"
"864",0,"3","female","2","8","2",69.55,"S","0","Child"
"865",0,"2","male","3","0","0",13,"S","0","Adult"
"866",1,"2","female","4","0","0",13,"S","0","Adult"
"867",1,"2","female","3","1","0",13.8583,"C","0","Adult"
"868",0,"1","male","4","0","0",50.4958,"S","1","Adult"
"869",0,"3","male","3","0","0",9.5,"S","0","Adult"
"870",1,"3","male","2","1","1",11.1333,"S","0","Child"
"871",0,"3","male","3","0","0",7.8958,"S","0","Adult"
"872",1,"1","female","4","1","1",52.5542,"S","4","Adult"
"873",0,"1","male","4","0","0",5,"S","2","Adult"
"874",0,"3","male","4","0","0",9,"S","0","Adult"
"875",1,"2","female","3","1","0",24,"C","0","Adult"
"876",1,"3","female","3","0","0",7.225,"C","0","Adult"
"877",0,"3","male","3","0","0",9.8458,"S","0","Adult"
"878",0,"3","male","3","0","0",7.8958,"S","0","Adult"
"879",0,"3","male","3","0","0",7.8958,"S","0","Adult"
"880",1,"1","female","4","0","1",83.1583,"C","3","Adult"
"881",1,"2","female","3","0","1",26,"S","0","Adult"
"882",0,"3","male","4","0","0",7.8958,"S","0","Adult"
"883",0,"3","female","3","0","0",10.5167,"S","0","Adult"
"884",0,"2","male","3","0","0",10.5,"S","0","Adult"
"885",0,"3","male","3","0","0",7.05,"S","0","Adult"
"886",0,"3","female","4","0","5",29.125,"Q","0","Adult"
"887",0,"2","male","3","0","0",13,"S","0","Adult"
"888",1,"1","female","3","0","0",30,"S","2","Adult"
"889",0,"3","female","4","1","2",23.45,"S","0","Adult"
"890",1,"1","male","3","0","0",30,"C","3","Adult"
"891",0,"3","male","4","0","0",7.75,"Q","0","Adult"
